{
    "init_con": {
        "name": "init_con",
        "info": [
            [1, 630, 51.9, 34, 34],
            [2, 610, 42, 36, 36],
            [3, 590, 33, 28, 28]
        ]
    },
    "gw_file_path": "./gw_amazon.json",
    "delay_constraint": 2,
    "survivability": 2,
    "iterations": 10,
    "commu_locations": {
        "NYC": [-74.0059731, 40.7143528],
        "LA": [-122.4194, 37.7749],
        "BJ": [116.4, 39.9],
        "SY": [150.88, -33.91],
        "LD": [0.11, 51.5],
        "JNB": [27.9, -26.13],
        "RIO": [-43.2, -22.95],
        "SP":  [103.85, 1.3],
        "DB": [55.3, 25.3],
        "TK": [139.73, 35.7],
        "XDL": [77.2, 38.6],
        "CL": [31, 30]
    }
}
